id,name,last_update
1,Centralized system-worthy adapter,2022-07-22
2,Ameliorated high-level moratorium,2020-05-05
3,Monitored neutral firmware,2021-12-31
4,Front-line content-based archive,2018-12-07
5,Sharable fault-tolerant pricing structure,2022-01-24
6,Synchronized heuristic superstructure,2019-09-22
7,Reactive asynchronous functionalities,2018-12-17
8,Team-oriented analyzing Local Area Network,2019-07-21
9,Triple-buffered cohesive superstructure,2020-01-17
10,Total static time-frame,2019-11-23
