id,address,address2,district,city_id,postal_code,phone,last_update
1,"2898 Joanna Rapids Suite 236, Lake Tinabury, DE 84929","737 Kelley Forest Apt. 065, North Brett, CA 82305",Valerie Fork,8,75933,952.396.5065,2023-02-05
2,"USS Gilbert, FPO AE 47656","1399 Collin Junctions Suite 315, South Robert, SD 98175",Michael Alley,4,99669,+1-413-602-9508x8354,2020-01-19
3,"850 Jones Wall Apt. 689, Beltranton, LA 04026","45664 Gonzalez Ford Suite 653, East Jacob, HI 49749",Davidson Turnpike,19,12994,001-017-547-3163,2018-04-27
4,"77133 Mary Rue, Port Jeffreybury, AK 16923","0889 Harris Plains, Franktown, NC 84997",Shane Stravenue,10,83148,(387)499-6441,2018-09-04
5,"08955 Hubbard Park, Johnsonstad, AZ 69434","87686 Guerrero Union, Christineport, VI 35294",Hood Club,20,21899,+1-108-135-3797x8392,2021-02-11
6,"PSC 5450, Box 5906, APO AE 48265","46658 Bailey Point, South Aaronmouth, RI 40869",Baker Expressway,17,80145,(062)252-7106,2020-06-29
7,"697 Bradford Track, East Dustin, VA 04967","707 Ellis Pass, Samanthahaven, LA 08387",Derek Valleys,5,17332,+1-351-952-5493,2018-05-10
8,"USCGC Haynes, FPO AA 74011","520 Stacy Stream Suite 236, Jenniferchester, VA 61175",Ramos Squares,12,28519,001-039-507-9597,2021-08-08
9,"75358 Joshua Isle, West Peterbury, AZ 03068","3361 Hooper Passage Apt. 249, Johnsonshire, MO 32072",Bryan Lodge,8,87401,167-871-2311,2019-07-18
10,"8462 Amanda Mission Apt. 125, Cynthiafurt, WA 75180","0745 Miranda Ramp Apt. 864, Adamsland, NE 57593",Taylor Viaduct,10,87448,938.909.6409,2022-12-31
11,"2973 Weber Stravenue, Jordanview, IN 22528","3991 Shaw Mills Suite 532, Penafurt, OK 11394",Summers Mall,20,48211,001-591-405-7420x861,2020-01-10
12,"88428 Emily Key, New Nicole, GA 53273","1301 Reed Curve, New Michaelmouth, MI 77165",Melissa Orchard,13,74790,(811)774-8657x3361,2018-10-24
13,"50170 Mary Mill Suite 610, Elizabethhaven, AL 06658","076 Sanchez Radial, Sheenashire, TX 63394",Connor Run,15,07508,798.031.1286x479,2018-07-19
14,"PSC 1131, Box 9185, APO AP 04155","64808 Young Divide, Lake Christophermouth, VA 15244",Allen Viaduct,15,48794,(732)028-3191,2018-07-08
15,"51830 Michael Overpass Suite 651, Davisstad, NC 23645","658 Mary Tunnel, North Samuel, HI 96939",Haley Lodge,17,79733,001-517-720-1693,2020-08-31
16,"PSC 6495, Box 3445, APO AE 89604","9782 Amanda Field Suite 977, West Jamie, AZ 55599",Kathleen Lakes,8,28051,7239659705,2019-02-19
17,"PSC 4406, Box 0169, APO AA 46035","049 Mark Rapid, Stevenland, MN 69773",Tina Corners,8,85996,(543)964-2621x2938,2019-07-23
18,"89162 Laura Terrace Apt. 788, North Patricia, MS 37421","4714 Cynthia Port Suite 757, Brandontown, MO 21887",Kristen Gardens,1,18716,(437)054-7142,2022-11-23
19,"202 Catherine Road Apt. 538, East Whitneyland, ME 05887","813 Wesley Manor, Lake Wendyview, NH 95553",Diaz Junctions,20,17405,5455067037,2019-11-23
20,"76221 Timothy Springs, South Patricia, DC 90742","177 Cody Place Apt. 676, Michaelbury, NE 97928",Guzman Forges,18,69651,6051102980,2022-11-22
21,"42333 Tracy Cliff Apt. 354, Floresmouth, DC 52705","291 Holden Shoal Suite 867, Gonzalezton, NH 62490",Carol Brooks,1,87943,295-313-1101,2020-08-02
22,"88200 Stephanie Forge, Johnview, VI 50851","0111 Marvin Ridges Suite 927, Deniseview, NC 42141",Garcia Oval,3,56886,+1-289-322-7396x985,2021-12-08
23,"905 Dickerson Key, Leachfurt, CO 96565","2773 Ochoa Neck Suite 526, Davidmouth, NC 29069",Austin Bridge,1,71556,(630)667-3364x1342,2022-06-29
24,"15673 Jerry Squares, Lake Zachary, IN 30907","880 Hunt Mall Apt. 453, North Martin, NE 29287",Hughes Mount,7,81624,(836)170-2039,2022-05-28
25,"7576 David Rest Apt. 392, Weaverstad, MN 49123","054 Joseph Burg, Allenville, PW 79494",Christopher Pines,11,86432,465.939.7475x4016,2023-01-18
26,"8716 Gregory Curve Suite 233, Flemingville, MD 73576","Unit 2028 Box 5288, DPO AA 31276",Smith Squares,4,75563,671.930.1054,2020-03-27
27,"6694 Kenneth Locks Suite 039, West Darinmouth, MN 73933","1793 Stewart Courts Suite 436, Lake Alvin, NC 86115",Mackenzie Shoals,4,76749,489-802-4471,2023-02-05
28,"4244 Jill Rest Apt. 829, Tonyland, DC 19443","07160 Smith Keys, New Paul, NV 73414",Cole Flats,13,17886,+1-281-115-0036x738,2021-05-14
29,"903 Gibson Tunnel Suite 219, Brandishire, CO 24325","38600 Ana Parkway Apt. 727, Baileyborough, MI 93223",Brandon Point,2,83763,944.119.8931,2023-03-15
30,"08039 Reyes Village, Joshuaberg, AL 07903","Unit 6781 Box 8665, DPO AP 73447",Booth Curve,8,98758,995-995-0547x10125,2019-03-18
31,"769 Michael Lodge Apt. 804, East Kevin, IN 99841","53674 Jones Ranch, Karenton, UT 07477",Lowe Port,3,46048,0971554921,2019-05-01
32,"Unit 3642 Box 3959, DPO AA 76543","7556 Jones Orchard, West Jasonmouth, PW 92093",Scott Freeway,17,14906,+1-064-713-3452x35696,2018-12-18
33,"698 Stephanie Lakes Apt. 944, West Pamelaside, ME 93287","72029 Roach Mountains Apt. 062, Hayesfort, IL 99807",Taylor Fords,12,13102,(796)175-1722x54181,2019-10-06
34,"12272 Emily Ways Apt. 600, Lake Emily, MT 92975","38516 Hayes Crossroad Suite 759, Robinsonport, AR 32021",Clarence Meadows,20,51655,1340403662,2022-06-28
35,"1531 Kathleen Pass Suite 275, New Ashleyhaven, KS 07335","63426 Jose Keys, Finleyhaven, MT 44297",Black Summit,6,45422,001-992-980-6379x70412,2023-04-13
36,"13912 Ryan Harbor, Jaredmouth, MI 73484","Unit 3988 Box 4579, DPO AE 16748",Riggs Turnpike,4,91117,714-618-4456,2022-10-09
37,"09264 Justin Hill, Hollymouth, NH 93891","PSC 2705, Box 8062, APO AA 16348",Jackson Place,2,89539,280-759-3811x33005,2020-10-17
38,"2817 Horn Avenue, Mannmouth, VT 34752","PSC 0585, Box 1389, APO AA 21743",Megan Expressway,12,74189,(943)091-5833,2018-06-06
39,"4541 Brown Branch, Lake Michelefurt, IL 66821","8914 Shepherd Islands Apt. 153, New Donald, AZ 89127",Tammy Spur,8,59979,(322)638-1066x19106,2020-10-06
40,"205 Underwood Club, North Timothybury, WI 76890","204 Melissa Dam, Wernerton, IA 70564",William Island,19,71365,(964)130-6311x231,2021-06-19
41,"4352 Li Point, New Garymouth, WY 34755","505 Michael Knoll Suite 418, Swansonton, DE 10305",Edwin Trail,2,71692,+1-959-739-8039,2018-10-16
42,"1733 Miller Pike Suite 525, Vaughnborough, FL 50303","29151 Haley Pass Suite 167, West Craig, ID 73518",Ryan Shores,4,17451,001-821-311-7506x427,2022-07-03
43,"6912 Jeffrey Knoll Suite 170, New Brianview, IN 78098","25348 Zachary Garden Suite 807, New Daniellemouth, IA 26323",Amy Harbors,11,09118,720-241-5023,2020-04-22
44,"Unit 7289 Box 9039, DPO AP 74224","580 Valerie Ridges, West David, WV 56450",Colleen Spring,18,47311,001-280-150-6270x54780,2019-10-11
45,"819 Jesse Trafficway, New James, MH 85778","703 Diane Fall Apt. 051, Cooperborough, ND 56491",Sullivan Ville,18,14817,+1-660-465-7210x814,2019-05-21
46,"0049 Erin Parks Suite 984, Port Kevinton, WA 08430","8615 Sellers Point Suite 390, New Williamtown, SC 22841",Spencer Ramp,6,92909,001-466-950-9838x50602,2022-03-28
47,"USNV Walsh, FPO AP 85224","84298 James Rapid, Lake Matthewburgh, CA 75058",Brian Wells,3,87942,+1-805-701-4392x87932,2022-09-13
48,"1040 Ramirez Glens, Sparkston, NJ 54389","0877 Gregory Knolls, East Justin, MS 54980",Moreno Passage,7,54749,9848415761,2019-08-17
49,"7693 Krystal Rapids Suite 382, Lake Amber, SD 16957","675 Martinez Street Apt. 429, Lisashire, CT 08430",Cunningham Cape,12,48288,(254)179-1496x26301,2022-06-26
50,"12164 Frank Burg, Allenville, CT 77548","1219 Deborah Gateway Apt. 375, Higginsside, SC 20308",Paul Forges,1,63485,743-973-6065x60326,2023-01-20
