id,first_name,last_name,email,address_id,store_id,active,create_date,last_update
1,Edward Curtis,Rebecca Ferguson,charles50@example.org,28,1,1,2021-01-07,2018-12-11
2,Patricia West,Joe Frey,jason03@example.org,20,2,1,2020-04-23,2019-05-16
3,Tiffany Hart MD,Suzanne Cardenas,lkennedy@example.org,11,2,1,2019-10-21,2021-03-18
4,Ms. Karen Parrish,Erica Moss,alexanderhaynes@example.net,34,1,1,2019-11-17,2022-09-17
5,Thomas Tate,Jennifer Smith,michaelroth@example.com,30,3,1,2023-01-02,2020-05-21
6,Stephen Jones,Kevin Strong,colemanmichael@example.com,6,3,1,2022-09-25,2022-03-03
7,Melissa Brown,Catherine Martinez,emilynicholson@example.org,5,3,1,2019-04-23,2018-06-15
8,Nicole Davis,Rebecca Mclaughlin,debra51@example.net,50,5,1,2018-11-13,2023-04-16
9,Colleen Hill,Teresa James,melissabarrera@example.net,35,2,1,2020-12-10,2019-01-02
10,Matthew Guerrero,Craig Morales,matthew05@example.net,41,1,1,2020-01-30,2020-01-09
11,Lorraine Davies,Edward Glover,carolynmartinez@example.com,8,1,1,2020-01-01,2021-04-27
12,Joshua Jackson,Madison Taylor,bobbycox@example.org,24,5,1,2018-08-16,2023-01-03
13,Patricia Alexander DVM,Joseph Whitaker,rrios@example.com,9,4,1,2019-09-27,2022-09-29
14,Veronica Carr,Leslie Wright,michelle72@example.net,28,5,1,2018-10-14,2022-09-13
15,Jeffrey Patterson,Angela Cole,andrewsjames@example.org,28,5,1,2019-09-06,2023-03-13
16,Julia Smith,Michele Hoffman,deborahevans@example.org,20,5,1,2020-03-09,2019-12-16
17,Luke Perez,Carol Robinson,carla45@example.org,12,3,1,2022-07-28,2019-05-20
18,Amber Beltran,Anthony Hernandez,timothy33@example.com,14,5,1,2019-08-31,2021-11-19
19,Erika Paul,Lisa Sims,meghanharper@example.org,36,2,1,2021-09-19,2022-11-12
20,Michael Bass,Jamie Taylor,ipeterson@example.org,4,4,1,2020-05-23,2020-02-06
21,Cynthia Patterson,Keith Miller,whitepaul@example.org,38,3,1,2018-12-10,2019-10-27
22,Nicole Espinoza,Sheri Hobbs,suzanneelliott@example.org,12,4,1,2022-07-11,2021-06-25
23,Kathryn Davis,Sheena Padilla,stephanie33@example.com,31,4,1,2019-04-25,2021-01-08
24,Tammie Hoffman,Julia Ryan,ravensmith@example.org,38,1,1,2023-04-13,2021-01-09
25,Christina Johnson,Katie Dunn,pattersonjohn@example.org,26,4,1,2020-02-27,2019-08-11
26,Phillip Calderon,Jason Marsh,tonylopez@example.net,2,1,1,2019-06-08,2019-03-23
27,Michelle Bradley,Jamie Spencer,elizabeth56@example.com,25,1,1,2018-05-19,2022-05-30
28,Paige Ross,Jessica Roberts,castrotamara@example.org,25,4,1,2018-04-28,2021-10-25
29,Kristine Stanley,Timothy Jones,swalters@example.com,33,1,1,2022-10-19,2022-09-09
30,Paul Lowe,Melissa Olson,calderondarlene@example.com,36,5,1,2019-12-01,2021-06-16
31,Cody Lane,Rebecca Kennedy,heather14@example.net,10,5,1,2021-08-26,2020-10-26
32,Randy Gibbs,Christopher Tran,teresa66@example.org,32,4,1,2022-02-13,2020-03-13
33,Megan Williams,Zachary Anderson,rebecca50@example.net,26,2,1,2020-12-28,2021-10-02
34,Jo Mann,Nicole Wallace,nancy96@example.net,24,5,1,2019-11-12,2022-09-20
35,Amber Foley,Kristin Washington,jennaalvarado@example.com,42,4,1,2018-05-03,2021-10-21
36,Mrs. Susan Decker,Danielle Wallace,bkeller@example.org,38,4,1,2019-08-08,2021-05-11
37,Christina Harris,Anthony Carroll,daniel82@example.net,33,1,1,2018-11-11,2019-11-05
38,Jonathan Grimes,Vernon Barry,dannyfranklin@example.net,13,1,1,2021-06-16,2020-02-20
39,Jerry Ingram,Kevin Taylor,ortizjacob@example.org,11,5,1,2020-10-07,2018-09-17
40,Melissa Barnes,Christopher Gibson,bfoster@example.org,31,1,1,2020-10-24,2019-09-14
41,Russell Pittman,Maria Davis,tking@example.net,7,5,1,2022-05-29,2018-10-15
42,Larry Oconnor,Erica Miller,joyce92@example.net,11,1,1,2020-07-05,2018-08-31
43,Christina Chung,Angela Fuller,rhondafuller@example.org,34,2,1,2023-02-06,2022-08-02
44,Colleen Pruitt,Harold Hess,angela10@example.org,11,1,1,2023-04-16,2018-12-11
45,Courtney Gay,Sydney Schmidt,scottjeremiah@example.com,17,3,1,2022-07-15,2022-06-20
46,Colton Gill,Jonathon Michael,xharper@example.com,17,4,1,2020-10-20,2021-05-07
47,Adam Cole,Michael Roman,rgarner@example.org,43,5,1,2022-10-25,2022-02-20
48,Jennifer Jackson,Donald Swanson,ashley72@example.org,41,5,1,2019-12-14,2020-03-26
49,Robert Newton,Jonathan Spencer,morrisonsherri@example.com,2,4,1,2019-05-03,2019-05-08
50,Joel Cortez,Stephanie Mills,smithamanda@example.com,37,2,1,2021-03-25,2019-03-08
51,Robert Meadows,Brian Green,shellyjones@example.net,12,1,1,2019-02-23,2019-06-20
52,Christopher Robbins,Raven Bowers,johnsonmichael@example.com,44,1,1,2021-10-06,2019-12-07
53,Michael Walton Jr.,Daniel Wolfe,brittanywright@example.org,32,3,1,2020-11-19,2022-08-13
54,David Green,Amanda Welch,cpotts@example.org,50,3,1,2019-05-24,2019-06-04
55,Benjamin Soto,Angela Decker,vmoran@example.com,40,4,1,2018-06-11,2018-07-10
56,Jennifer Lara,Caitlin Brown,johnrosario@example.com,32,3,1,2022-08-18,2019-11-11
57,Kayla Manning,William Mathis,pbailey@example.com,9,2,1,2019-05-23,2021-03-06
58,John Benson,Brenda Torres,rogersjasmine@example.net,27,4,1,2020-06-24,2020-07-09
59,Adam Phillips,Dwayne Gardner,froth@example.com,29,5,1,2021-11-05,2022-09-28
60,Terri Oconnor,Victor Lucero,rossandrew@example.org,38,5,1,2020-02-03,2022-12-31
61,Robert Bradford,Shane Schneider,sarasmith@example.org,11,3,1,2018-11-19,2023-03-29
62,Breanna Finley,Darren Wilson,yuemily@example.com,27,3,1,2019-01-22,2023-03-27
63,Pam Davis,Christopher Lopez,zhall@example.org,36,1,1,2018-08-17,2019-12-13
64,Patricia Cole,Danielle Sanford,batescraig@example.net,29,2,1,2023-03-30,2021-01-21
65,Philip Guerrero,Michaela Turner,michaellewis@example.net,3,4,1,2022-03-22,2021-06-30
66,Victoria Lewis,Kevin Robbins,nicholas30@example.net,30,1,1,2019-07-01,2022-10-26
67,Matthew Gonzalez,Valerie Burke,smithlinda@example.com,33,3,1,2021-07-18,2020-01-07
68,William Martin,Sarah Bailey,fryewilliam@example.org,30,3,1,2021-10-09,2018-07-10
69,Briana Campbell,Alexander Harris,william23@example.com,12,4,1,2019-03-10,2018-07-31
70,Lisa Fisher,Stacey Simon,samantha79@example.com,38,3,1,2019-08-11,2021-01-04
71,Jacob Savage,Jill Gross,andersontodd@example.net,47,3,1,2018-12-06,2019-03-31
72,Kelly Santiago,William Hill,kristinamartinez@example.net,28,1,1,2018-06-05,2018-11-22
73,Randy Richards,Heidi Allen,danielwalker@example.net,46,5,1,2019-09-13,2021-07-21
74,Cynthia Macdonald,Kayla Shields,stevenhensley@example.com,19,4,1,2020-07-14,2018-11-27
75,Cassandra Lara,Jessica Horn,michaelbauer@example.org,44,5,1,2023-03-17,2022-01-05
76,Martha Rodriguez,David Green,edwin70@example.org,29,3,1,2020-08-09,2021-08-06
77,Nathan Long,Jacob Jones,sullivanlori@example.org,31,4,1,2019-05-17,2023-01-02
78,Dean Williams,Chris Webb,joshua51@example.org,2,3,1,2022-05-15,2022-04-25
79,Terrance Walker,David Randall,brandonrichards@example.com,32,4,1,2022-06-09,2022-09-23
80,Walter Guzman,Jessica Hayes,hodalton@example.org,10,3,1,2020-01-31,2019-06-08
81,Tracy Moore,Jessica Davidson,julie96@example.net,43,3,1,2018-10-10,2022-08-29
82,Angela Murphy,Daniel Rivera,vcastaneda@example.net,36,2,1,2020-07-29,2019-01-22
83,Juan Wells,Sonia Hughes,wmann@example.com,4,1,1,2020-09-21,2022-01-09
84,Wendy Ward,William Johnson,victoria69@example.org,48,2,1,2018-11-02,2022-12-24
85,Robert Wallace,Matthew Jordan,christophergonzalez@example.com,36,3,1,2022-08-29,2018-12-12
86,Christine Yang,Daniel Miller,brandy79@example.org,43,1,1,2020-07-21,2021-04-03
87,Robert Johnson,Jason Collins,calvinhernandez@example.net,35,4,1,2021-04-26,2019-06-10
88,John James,Justin Mccarthy,harrisnathan@example.com,7,1,1,2020-10-02,2022-07-11
89,Ryan Oliver,Spencer Haley,teresa13@example.net,11,1,1,2019-06-04,2022-08-25
90,Tony Bartlett,Tanya Farmer,durhammichele@example.org,20,5,1,2019-05-23,2022-02-11
91,David Mcguire,Shelley Gregory,kayla99@example.com,33,2,1,2018-06-26,2022-01-20
92,Austin Graham,Melissa Mosley,keith59@example.net,37,2,1,2020-08-08,2018-05-14
93,Trevor Cole,Evan Garrett,leetracie@example.org,8,4,1,2020-10-10,2019-04-25
94,Shelly Jimenez,Phillip Hernandez,bishoplaura@example.com,24,2,1,2020-03-15,2022-01-23
95,Nicole Jones,Lisa Maddox,christopher71@example.org,11,2,1,2020-07-19,2022-08-27
96,Brian Brown,Richard Brock,fschultz@example.net,47,1,1,2020-01-15,2018-12-28
97,Susan Thompson,Valerie Edwards,zconley@example.net,26,5,1,2021-09-01,2020-11-30
98,Nathaniel Luna,Denise Johns,kristinajones@example.org,15,3,1,2021-07-17,2020-07-20
99,Shelby Mitchell,Megan Stevenson,ellisdawn@example.com,21,3,1,2018-07-21,2019-06-22
100,Hailey Hamilton,Shelly Blake,wilsonbruce@example.com,31,4,1,2019-08-15,2020-09-23
